Income,Deductions,Filing_Status,Home_Loan_Interest,Education_Loan_Interest,Charitable_Donations,mean,std
500000,6000,1,200000,100000,14000,164000,203563.258
600000,15000,2,180000,90000,12000,179400,244922.0284
550000,7000,3,190000,95000,13000,171000,224520.6004
580000,10000,1,170000,85000,10000,171000,237970.5864
1500000,600000,3,400000,200000,400000,620000,511859.3557
500753.9646,5028.119142,1,150280.6751,50379.46429,5005.210055,142289.4866,208983.1027
501031.8445,5043.973106,1,151485.5604,50093.43582,5072.348894,142545.4325,209132.3177
500600.6387,5011.092259,1,150291.6937,50272.19136,5057.549679,142246.6331,208923.4624
500998.3109,5032.232047,1,150431.6203,50807.68784,5060.857926,142466.1418,209032.4908
500338.4964,5077.086519,1,150415.2879,50117.80728,5073.929312,142204.5215,208815.7419
500661.7865,5063.391902,2,150852.4333,51071.97204,5101.257129,142550.1682,208851.5836
500469.2676,5073.18707,1,151535.5721,50164.72389,5016.752901,142451.9007,208888.2488
501727.5432,5057.37,2,150436.3237,50261.41774,5001.21773,142496.7745,209410.9361
500907.7562,5140.556702,1,151519.2839,50185.25405,5000.780917,142550.7264,209065.2521
500634.7215,5017.958178,1,151109.6998,50256.95392,5017.531505,142407.373,208953.3939
500034.0835,5101.475673,3,150769.9732,50290.84046,5032.463877,142245.7673,208672.5289
500198.0848,5005.921843,1,150144.3604,51286.6799,5000.696465,142327.1487,208648.4822
500217.6812,5059.157139,1,151098.7769,50638.83245,5027.354869,142408.3605,208724.1145
500361.3956,5100.35329,1,151538.0366,50036.00506,5018.081801,142410.7745,208851.5956
501256.5069,5068.972777,1,150813.2052,50006.91887,5024.656141,142434.052,209234.9435
500429.2444,5153.34337,2,150588.5533,51105.93096,5071.197858,142469.654,208735.7299
502362.9324,5292.135048,1,151009.7307,50536.06951,5021.82799,142844.5391,209616.7709
500812.5258,5018.565898,3,151356.24,50239.58712,5055.316749,142496.4471,209027.7903
500025.3884,5085.958789,1,151919.6732,50274.77857,5019.356532,142465.0311,208687.6643
501117.3988,5054.82873,1,151448.4992,50077.94909,5008.000911,142541.3353,209179.0897
501110.5758,5037.144087,2,151752.2704,50171.3438,5070.375585,142628.3419,209161.7714
500681.953,5081.350964,1,150310.2668,50412.70817,5065.27394,142310.3106,208930.2456
501205.9945,5299.113597,1,150777.4074,50042.60472,5009.344808,142466.893,209173.7519
500882.3331,5000.070859,1,150452.0903,50156.52902,5062.520387,142310.7087,209059.5377
500220.9642,5115.836469,3,150026.8858,50001.80127,5075.169915,142088.1315,208767.8155
501281.6438,5061.636141,1,150557.6911,50630.08238,5018.759819,142509.9626,209176.7619
500048.8601,5042.940554,1,150040.5917,50062.61225,5006.114875,142040.2239,208710.7288
500685.5077,5035.845362,1,151848.6088,50267.66754,5036.547814,142574.8354,208975.8503
500753.3416,5260.168311,2,150381.1584,50120.37659,5028.275482,142308.6641,208970.469
501067.6204,5004.698059,1,150142.3795,50002.62185,5022.503274,142247.9646,209158.7985
500544.9191,5169.645637,3,150399.1361,51040.9647,5010.550873,142433.0433,208797.9095
500569.7673,5111.729583,1,150447.7086,50041.07559,5017.136267,142237.4835,208927.3242
500490.975,5028.257995,1,150734.8778,50083.56086,5012.434556,142270.0212,208906.1965
500975.8167,5091.868651,2,150918.4544,50277.75632,5020.868341,142456.9529,209082.6515
500229.7996,5032.787952,2,150851.4064,50062.72713,5004.29465,142236.2031,208798.324
500122.7089,5028.872366,1,150093.3724,50366.24605,5082.744372,142138.7888,208699.2157
500052.4045,5084.515797,3,151704.1055,50139.4417,5002.444859,142396.5825,208714.7873
501418.3657,5039.963619,1,151760.8088,50863.48193,5011.234236,142818.7709,209226.7439
500465.8056,5020.447122,1,150150.8377,50193.16166,5087.773785,142183.6052,208866.496
503241.2673,5077.463405,2,151024.3876,50221.90971,5046.346524,142922.2749,210059.3618
502703.2323,5050.109417,1,150677.8753,50487.59881,5009.479081,142785.659,209806.599
500889.2408,5098.544969,1,150955.3006,50789.05903,5043.45773,142555.1206,208984.8573
500456.1208,5035.192132,3,150181.4266,50243.60146,5038.499803,142190.9682,208862.749
500452.3063,5065.262398,1,152423.8793,50420.32177,5022.309172,142676.8158,208863.1552
500783.2533,5047.359243,2,150322.0615,50531.15186,5045.971212,142345.9594,208969.5331
500292.1927,5090.968342,1,150187.329,50015.52947,5046.825319,142126.569,208807.1152
501517.8737,5084.910211,1,150357.0292,50347.76888,5014.698347,142464.4561,209304.0307
500576.7713,5005.023811,1,150755.3912,50135.22841,5011.947402,142296.8724,208941.3814
500984.3224,5023.421473,2,150213.9888,50017.34244,5077.525025,142263.32,209110.0327
500230.8664,5138.10446,1,151453.2607,50392.99302,5015.19093,142446.0831,208749.6006
500241.3219,5055.813951,2,151151.0141,50021.75733,5126.478004,142319.2771,208787.0592
500633.7769,5214.514913,1,150413.7991,50417.67353,5059.379921,142347.8289,208889.144
500034.9885,5009.60599,1,151770.8006,51280.04227,5057.463666,142630.5802,208585.8759
500446.515,5007.282891,1,150856.3988,50236.61881,5042.339686,142317.831,208870.0303
500696.9544,5159.864717,2,150333.8195,50129.39803,5028.045972,142269.6165,208961.3245
501778.5876,5107.105368,3,150319.6518,50617.8911,5034.010805,142571.4493,209378.994
501403.37,5141.045915,3,150697.9033,50041.91331,5020.48814,142460.9441,209281.7618
500827.5902,5069.310561,1,150086.1439,50214.40825,5008.822078,142241.255,209023.6384
501072.978,5003.793784,2,152363.8725,50381.64305,5034.16645,142771.2908,209140.7196
501058.9076,5012.35477,1,151481.6634,50296.17798,5097.707872,142589.3623,209122.5166
501496.5293,5103.524933,3,150650.0239,50445.09921,5092.309393,142557.4973,209271.1662
500883.8574,5124.573878,1,150153.7251,50107.04687,5008.659046,142255.5725,209051.1925
500955.1226,5102.996082,1,150423.5991,50321.77492,5016.738767,142364.0463,209062.8942
501476.5403,5088.365994,2,151380.0914,50086.31365,5032.616144,142612.7855,209321.8079
501886.1859,5080.227727,1,150174.5778,50171.35726,5008.064286,142464.0826,209481.579
500524.5203,5127.155509,1,150489.3746,50467.8392,5036.083603,142328.9946,208855.6836
501105.7047,5112.670514,3,150214.921,50516.2731,5054.548322,142400.8235,209096.3048
500624.1198,5121.418861,1,150628.3455,50503.00869,5057.905544,142386.9597,208893.2392
500528.9777,5110.629351,1,151056.5576,50567.81007,5041.225708,142461.0401,208854.158
500426.3576,5319.310757,2,151148.4457,50090.23996,5014.937645,142399.8583,208833.8278
500659.2457,5021.329371,1,150937.5701,50946.80733,5000.060274,142513.0026,208888.6321
501076.0071,5075.196933,3,150021.3116,50106.59831,5015.952697,142259.0133,209139.3154
501179.4401,5049.191917,1,150469.1757,50449.20734,5066.01166,142442.6053,209146.2444
500822.2204,5032.138584,3,150243.6872,50412.7486,5020.646573,142306.2883,209005.1663
501399.3554,5064.084286,2,150924.6337,50898.84326,5028.558949,142663.0951,209199.3001
501639.4842,5147.267068,3,150392.4711,50438.0234,5030.199031,142529.489,209333.8141
500927.3531,5016.882172,1,150238.369,50052.22461,5003.502608,142247.6663,209095.2039
500137.4485,5183.06329,1,150952.8745,50327.03784,5025.56013,142325.1969,208702.456
500116.229,5006.418818,2,150214.7132,50097.34865,5004.587624,142087.8595,208743.7173
500128.1044,5180.094043,1,150681.0517,50338.19615,5002.007898,142265.8908,208698.8076
500429.6182,5045.918008,3,150207.6877,50416.96108,5003.508286,142220.7387,208836.5545
500302.6355,5114.300491,1,150754.2759,50319.36511,5081.671577,142314.4497,208774.1506
500335.7847,5007.331797,1,151669.0215,50411.58529,5064.498045,142497.6443,208808.2535
500638.0511,5014.294309,2,150500.8445,50596.9625,5086.62575,142367.3556,208900.5219
500027.3045,5097.306894,1,150933.268,50059.79018,5059.828575,142235.4996,208692.9784
500020.8865,5164.318881,3,150230.7009,50051.62738,5008.79272,142095.2653,208681.427
500822.4199,5040.928244,2,151121.0307,50347.35657,5026.20442,142471.588,209018.7942
501570.8762,5036.964219,1,151126.7675,50586.56232,5005.365107,142665.3071,209317.4142
500418.3982,5080.826572,3,151401.5986,50042.65907,5041.52222,142397.0009,208873.1597
502319.3295,5031.640845,2,150393.3178,50546.15638,5060.654885,142670.2199,209627.4923
500665.9243,5179.521136,1,150421.5866,50160.33381,5011.503538,142287.7739,208944.951
501185.7042,5065.689428,1,150718.9533,50600.20695,5052.345549,142524.5799,209134.2882
500488.8494,5108.874862,3,151119.6174,50186.10339,5094.229315,142399.5349,208871.244
501266.9111,5103.246526,1,150707.6695,51061.0781,5075.968498,142642.9747,209108.3863
500123.2048,5084.32466,2,150551.4854,50123.03124,5108.547136,142198.1186,208717.3393
500354.0407,5001.961666,1,150573.6018,50219.23787,5033.643062,142236.497,208831.75
500223.9141,5044.047474,1,151364.1404,50796.49687,5000.98189,142485.9161,208719.0828
501550.6634,5056.629773,3,150068.563,50495.26816,5004.982568,142435.2214,209305.4416
501126.0503,5036.961034,2,150051.3937,50310.78594,5018.85502,142308.8092,209144.3809
502084.1129,5021.539651,3,151724.6966,50384.10361,5025.413432,142847.9732,209565.1159
501398.5676,5138.279973,3,150562.9692,50437.80913,5046.308877,142516.787,209230.9718
500363.6122,5110.330188,2,150056.9456,50018.81735,5005.711382,142111.0833,208839.7029
500871.1247,5042.098448,2,150326.0235,50197.22607,5014.488743,142290.1923,209050.0132
500393.7973,5081.415176,1,151927.6726,50916.27852,5024.103336,142668.6534,208774.8647
500999.3022,5060.782199,1,150504.7749,51060.92745,5064.849727,142538.1273,209000.5275
500611.5178,5072.574381,2,151406.6611,50258.82951,5009.338338,142471.7842,208938.745
501059.9364,5086.277576,1,150617.0059,50239.41873,5034.673946,142407.4625,209118.5864
501091.3101,5090.390764,1,150609.1381,50055.61303,5036.776497,142376.6457,209151.209
500463.4177,5076.743473,1,150465.7298,50789.60641,5023.473719,142363.7942,208804.2813
501389.5725,5032.483138,2,151645.3987,50490.88274,5124.970286,142736.6615,209236.695
502471.6445,5112.970685,3,150796.8953,50417.84606,5026.490209,142765.1694,209702.9784
501004.1408,5028.178461,2,150767.7976,50210.09341,5067.222526,142415.4866,209103.5848
500440.0145,5188.115707,2,150502.0542,50277.59976,5072.400695,142296.037,208824.5367
500464.4043,5067.756465,1,150462.0609,50862.90336,5059.70547,142383.3661,208792.1543
500164.7608,5154.902015,1,150050.8877,50050.92815,5061.955354,142096.6868,208734.2848
500635.3624,5049.190245,1,151189.6667,50600.03948,5093.827635,142513.6173,208899.0374
500223.4628,5085.715756,2,150714.0005,50312.83367,5053.544625,142277.9115,208749.8421
502075.2609,5053.523521,3,150689.1878,50524.77636,5065.869703,142681.7237,209523.4962
500623.769,5103.990593,1,151914.0314,50554.09141,5030.638695,142645.3042,208908.288
501280.4294,5140.84613,3,151754.7942,50352.17185,5077.831459,142721.2146,209196.3282
500369.2771,5136.595571,1,150143.3885,50341.78466,5060.597199,142210.3286,208794.0686
500308.833,5058.636402,1,151702.2149,50264.30834,5061.914154,142479.1814,208805.303
501304.3402,5081.080827,1,151662.492,50067.15437,5039.674436,142630.9484,209253.1669
500170.8654,5171.016839,1,150183.9833,50153.90088,5067.409271,142149.4351,208723.2891
500950.3076,5161.631061,1,151710.6134,50399.97095,5052.684121,142655.0414,209049.842
502696.8866,5150.314295,2,150054.2949,50129.79568,5012.287153,142608.7157,209820.6778
501579.5721,5036.283856,1,150522.86,51149.44906,5022.275126,142662.088,209250.8634
500024.5102,5001.25924,2,150497.9983,50112.04624,5004.883805,142128.1396,208706.3707
500436.9382,5017.041622,1,151190.6463,50194.08841,5008.028699,142369.3486,208878.123
501371.9011,5088.480271,1,151613.5614,50221.64113,5008.647303,142660.8462,209268.4056
501873.2978,5143.827798,3,151080.0481,50056.63521,5045.961447,142639.9541,209480.7825
501066.6747,5110.870358,1,151169.2956,50295.32742,5041.024109,142536.6384,209115.7902
500829.4056,5167.643731,1,152211.1353,50009.20919,5016.346369,142646.748,209051.8111
500256.1798,5154.86183,1,150241.4974,50088.38708,5024.557687,142153.0968,208777.3357
500098.5881,5044.194065,1,150018.8496,50084.32734,5054.519954,142060.0958,208721.3039
500113.5173,5060.021688,2,150662.1307,50099.52985,5003.490104,142187.7379,208738.1406
501024.0625,5200.609289,1,150592.5269,50771.05498,5103.075179,142538.2658,209014.4864
500658.5443,5038.770156,3,152010.2045,50306.39435,5014.29327,142605.6413,208965.0098
500224.856,5098.717953,1,150650.0026,50105.56512,5006.562848,142217.1409,208778.2222
500535.3282,5012.038116,1,150090.5333,50553.54033,5108.633477,142260.0147,208854.0778
502526.9324,5022.378795,2,150530.8688,50258.80565,5000.821145,142667.9614,209760.7591
500027.5149,5053.270084,1,151772.2516,50256.80005,5058.495842,142433.6665,208687.8381
500792.4199,5074.490264,1,150307.9615,50081.53348,5033.758914,142258.0328,209020.3583
500309.2091,5076.005596,1,150752.1564,50752.36019,5004.121988,142378.7707,208748.3861
501390.2075,5047.469823,3,150557.8103,50542.94778,5001.251348,142507.9374,209238.0895
500473.8393,5028.016116,1,150014.4523,50013.20288,5040.480176,142113.9982,208894.9887
500869.1561,5074.268242,1,150887.2908,50037.97763,5024.112448,142378.561,209065.4215
501615.1318,5135.65818,1,151164.7394,50146.77897,5023.321499,142617.126,209366.0693
500381.9355,5034.92577,2,150430.0416,50174.32607,5016.081753,142207.4621,208844.7042
501607.4832,5123.086432,1,150184.6339,50406.75861,5011.372997,142466.667,209328.651
500624.8186,5101.437007,3,150026.0911,50832.73722,5092.043712,142335.4255,208849.2823
500742.0954,5048.791141,1,150299.2926,50338.96294,5107.865411,142307.4015,208962.3965
500612.4374,5023.321613,1,150361.5035,50354.10721,5047.656832,142279.8053,208919.798
500690.144,5153.273891,2,150401.2205,50259.67326,5005.438007,142301.9499,208949.4963
500607.8753,5109.730253,2,150539.1227,50108.38778,5029.443341,142278.9119,208935.4467
500170.1846,5055.118572,1,150453.228,50389.18054,5040.909944,142221.7243,208723.0986
501251.5394,5024.333945,3,151443.7646,50022.79301,5012.061803,142550.8986,209246.9658
501015.8218,5081.025244,1,150061.6798,50367.29579,5010.02846,142307.1702,209085.2037
500593.1013,5115.93298,1,150309.5464,50180.48308,5054.053166,142250.6234,208913.8642
501012.8311,5191.328024,2,150314.2473,50120.98114,5086.245892,142345.1267,209082.8107
500825.0983,5000.930032,1,150867.1302,50000.10353,5016.394736,142341.9314,209063.8221
500039.5552,5127.674858,1,150681.5007,50135.78942,5054.052827,142207.7146,208683.2138
500379.1277,5055.358824,3,150203.5804,50838.85041,5028.449154,142301.0733,208762.928
500872.3206,5095.927083,1,150183.342,50725.5718,5107.659123,142396.9641,208966.9717
500089.7357,5132.915253,2,151440.1172,50321.36138,5009.826058,142398.7911,208698.6217
500160.1328,5134.045045,1,150671.3401,50159.58726,5093.758623,142243.7728,208724.6067
500860.4735,5027.68133,1,150583.0774,50110.62681,5015.370335,142319.4459,209059.7165
501243.8632,5066.290092,1,150692.9052,50350.99584,5070.130264,142484.8369,209183.3613
501294.6815,5173.971378,2,151160.8268,50574.38285,5018.122047,142644.3969,209176.094
501200.2964,5011.473644,1,150334.5012,50396.26037,5025.249364,142393.5562,209172.6118
501669.4053,5097.755524,2,150543.3602,50250.45859,5004.966615,142513.1892,209380.9897
500257.3765,5012.003133,1,151668.5841,50019.00174,5030.675899,142397.5283,208822.8018
500180.3917,5000.679984,1,151372.8485,51011.80311,5009.501952,142515.045,208682.6413
500974.6817,5047.383292,1,150787.0846,50932.88726,5059.565175,142560.3204,209009.8001
500015.3098,5039.180401,2,150579.2915,50273.12222,5073.945578,142196.1699,208667.9207
501882.0245,5022.388402,3,151345.42,50240.50462,5039.523723,142705.9722,209487.923
500673.4906,5089.492438,3,150278.9942,50359.20363,5014.747484,142283.1857,208939.1632
500256.0297,5170.25836,1,150982.691,50204.12638,5051.457782,142332.9126,208764.9882
501738.8514,5054.954027,2,150321.2428,50457.69514,5005.838296,142515.7163,209392.7494
500975.1197,5089.725437,1,150147.0574,50006.12339,5003.790228,142244.3632,209107.9091
501000.3313,5134.597968,3,150677.745,50435.64865,5006.318979,142450.9284,209068.7458
500228.5999,5100.218746,1,150994.3494,50020.45959,5037.041217,142276.1338,208787.5026
500168.1438,5054.26738,1,150472.0906,50900.52887,5039.389188,142326.884,208666.6705
500595.6613,5126.19215,2,151374.4381,50886.51623,5045.286615,142605.6189,208847.788
500645.3759,5175.534084,1,151368.6316,51030.37396,5012.448207,142646.4728,208850.535
500605.6155,5020.932368,1,151826.0097,50735.58516,5033.453637,142644.3193,208892.7688
500230.4007,5004.865235,3,150924.2331,50171.89394,5001.63985,142266.6066,208792.3162
501142.8228,5030.154734,1,150751.933,50096.18048,5001.735588,142404.5653,209185.8744
500982.4874,5157.05006,1,150224.6331,50459.1583,5049.481407,142374.5621,209043.3762
501804.3481,5001.914778,2,150190.9038,50212.9436,5032.074345,142448.4369,209450.9525
500857.6596,5021.344715,1,150159.9385,50359.22211,5015.545378,142282.7421,209028.0661
500132.6337,5024.125765,3,150974.5293,50204.90933,5033.628685,142273.9654,208738.8715
502088.3747,5034.648848,1,150139.5896,50458.16384,5049.900505,142554.1355,209537.0493
500818.2207,5013.014305,3,152092.3873,50162.08318,5004.849798,142618.1111,209056.0749
500531.2143,5023.052463,2,150483.8767,50358.95945,5058.98626,142291.2178,208883.8131
500550.3052,5039.580353,3,150671.6234,50312.78135,5024.701509,142319.7984,208901.8562
500207.2673,5144.964522,1,150069.3443,50041.71898,5046.092991,142101.8776,208757.9385
500911.3627,5006.863405,1,150105.7538,50956.12749,5068.415752,142409.7046,208978.8238
500614.1667,5021.397991,2,150757.5077,50349.86275,5005.616402,142349.7103,208932.1356
500128.5375,5010.855971,1,151881.849,50571.8631,5001.6615,142518.9534,208713.936
501001.62,5204.173487,3,150281.1003,50104.1914,5012.358869,142320.6888,209089.5605
501189.4119,5090.205155,1,151642.673,50188.20476,5043.483154,142630.7956,209188.199
500559.7904,5133.534436,1,151080.7807,50088.8505,5019.009893,142376.3932,208920.2934
501091.7009,5167.449243,2,150387.0997,50228.88643,5000.279801,142375.0832,209123.4667
500028.1812,5075.574516,1,150009.119,50087.47988,5026.825492,142045.436,208690.0659
500897.0662,5018.452536,3,151274.875,50312.17269,5030.237233,142506.5607,209059.2992
500205.8594,5045.474091,2,150746.5783,50016.80628,5025.821482,142208.1079,208786.4336
500264.0201,5084.631598,1,151272.3535,50631.85334,5027.173969,142456.0065,208742.3989
500794.2647,5051.593922,3,151254.2894,50033.49536,5078.127293,142442.3541,209032.4682
500322.6798,5075.679509,2,150250.833,50498.02384,5071.090533,142243.6613,208766.2147
501078.6808,5104.70983,1,150038.5085,50112.22591,5084.196385,142283.6643,209123.9675
500756.3507,5095.554044,1,151422.2537,50063.9588,5080.322316,142483.6879,209007.051
501141.6891,5095.530521,3,150193.6595,50348.19372,5004.420344,142356.6986,209141.0582
501530.7508,5014.408756,1,151218.7619,50469.6677,5060.484737,142658.8148,209308.6602
500987.3345,5125.757786,2,150075.951,50405.42876,5011.700993,142321.2346,209061.3122
500077.1017,5075.373616,1,150341.152,50122.69406,5044.475721,142132.1594,208707.5146
500617.6519,5123.613072,1,150316.0729,50482.69874,5004.43288,142308.8939,208898.0896
501103.3666,5133.123295,3,152152.8906,50392.99473,5091.810269,142774.8371,209119.311
501234.3489,5080.587007,2,150592.4643,50841.7191,5048.242582,142559.4724,209125.6348
500684.6298,5060.042357,3,150790.6256,50709.8015,5093.326998,142467.6853,208902.3304
500822.5449,5185.227818,3,151220.8436,50300.85331,5000.674861,142506.0289,209005.498
500253.7397,5010.594835,2,150467.6932,50232.65523,5132.217167,142219.38,208768.6135
500315.2692,5113.556564,2,150758.9692,50285.44526,5047.700088,142304.1881,208789.0559
500622.2071,5145.246753,1,151138.8331,50226.6242,5016.337238,142429.8497,208930.9585
500476.3578,5049.163619,1,150505.4702,50104.82971,5040.35613,142235.2355,208887.2683
501565.524,5152.31869,2,150065.7503,50597.52331,5027.946092,142481.8125,209281.0944
500535.9634,5061.536748,1,150808.0578,50369.40524,5046.771935,142364.347,208883.6102
500963.8791,5012.98207,1,152210.523,50092.64383,5002.190574,142656.4437,209127.9343
500039.3073,5061.246879,1,150134.4968,50378.39434,5050.834156,142132.8559,208662.432
500483.0611,5050.872502,2,150146.793,50133.56333,5079.059535,142178.6699,208876.8569
501415.3707,5026.105527,3,150420.6453,50148.06014,5000.255673,142402.0875,209294.6871
500299.6766,5023.462057,2,150050.2046,50429.22556,5001.9119,142160.8961,208781.9373
501037.2462,5086.12842,2,150190.3387,50038.68415,5076.156204,142285.7107,209120.0902
501130.6153,5045.165948,1,150622.7112,50036.97378,5009.751249,142369.0435,209182.1109
500883.1098,5025.23535,1,150077.8372,50161.53964,5014.590563,142232.4625,209059.4767
500705.0119,5120.964102,1,150055.7691,50613.8345,5083.628619,142315.8416,208906.1252
501183.2585,5068.605146,1,152039.2322,50482.46173,5052.921224,142765.2958,209159.4129
501179.0398,5002.419561,2,151187.6794,50201.86505,5045.185093,142523.2378,209191.5887
501089.633,5021.80459,3,150784.7619,50904.65317,5042.381696,142568.6469,209069.1854
501904.1366,5027.399308,1,151625.9589,50781.44438,5012.169199,142870.2217,209444.4104
501252.3934,5151.115493,3,150363.6319,50063.77456,5072.558785,142380.6948,209201.1704
500963.7589,5132.604769,1,150957.1509,50179.88432,5020.673258,142450.8144,209082.0103
500589.3648,5062.269952,1,150849.6021,50140.49593,5010.406113,142330.4278,208938.006
501738.8997,5025.153889,1,150978.8581,50391.69525,5029.87551,142632.8965,209407.3172
502747.5048,5212.070015,1,150499.7302,51119.11562,5030.343259,142921.7528,209724.6524
500738.4666,5195.967012,1,150171.3683,50104.4318,5066.409302,142255.3286,208968.1075
500444.2933,5051.00164,2,150377.3005,50518.76997,5013.493747,142280.9718,208830.8181
500654.3657,5124.46547,1,150055.5847,50386.8946,5088.936012,142262.0493,208907.8838
501600.904,5024.39532,2,150828.497,50086.67083,5011.160113,142510.3255,209383.4813
501116.5244,5153.372771,1,151235.8116,50314.6317,5026.790073,142569.4261,209131.0734
501820.6033,5025.88544,1,150270.0574,50611.54153,5017.625248,142549.1426,209413.2768
500226.4841,5185.409257,3,150959.4392,50512.09341,5061.051685,142388.8955,208714.0832
500189.7062,5046.217267,1,150661.9822,50799.06218,5101.215481,142359.6367,208680.0636
500141.2571,5138.833778,1,152130.5665,50263.12393,5019.251091,142538.6065,208732.3027
501317.1151,5131.759754,1,150118.0685,50084.23049,5050.327128,142340.3002,209231.1819
500668.0905,5029.027454,1,150992.0423,50459.53824,5013.369616,142432.4136,208943.0314
500800.4095,5051.617829,2,150754.2913,50362.54789,5032.07408,142400.1881,209001.2353
500324.057,5046.649538,1,151147.6914,50498.28526,5032.02399,142409.7414,208786.9615
501547.5052,5063.293182,3,151795.8777,50276.11152,5010.146151,142738.5868,209343.4938
500622.07,5143.136678,1,151328.9333,50166.92998,5054.088336,142463.0317,208933.6274
500991.3923,5144.005088,1,152153.3901,50548.13754,5079.725253,142783.3301,209054.4254
500666.3125,5108.582513,2,150462.5913,50543.62297,5033.968664,142363.0156,208911.2868
500007.9726,5108.1548,1,151479.9441,50323.28644,5084.357082,142400.743,208655.6165
500534.5056,5310.991856,1,150887.6554,50997.83374,5030.336153,142552.2645,208776.4505
500150.4189,5021.743287,1,150364.961,50095.3412,5043.503387,142135.1936,208751.1646
500594.7543,5243.975241,3,150853.4156,50511.28522,5069.213641,142454.5288,208859.991
501522.3592,5040.865281,1,151112.6884,50888.11762,5051.468575,142723.0998,209255.1274
501012.1044,5152.955032,1,151654.8567,50846.23231,5007.900395,142734.8098,209035.3834
500838.5858,5068.135951,1,150886.6809,50551.14607,5020.430365,142472.9958,208997.3779
501484.116,5129.327296,2,150355.6133,50359.87897,5047.821819,142475.3515,209275.4812
500742.4842,5000.369567,1,150485.3058,50981.2936,5050.573152,142452.0053,208911.224
501096.4692,5038.91592,3,150625.6773,50186.05274,5002.656033,142389.9542,209153.25
501476.9344,5015.904521,1,151167.7796,51109.39012,5014.781224,142756.958,209222.098
500269.1269,5009.798315,1,150343.1923,50542.89316,5015.402527,142236.0826,208759.1885
500078.6352,5005.194589,2,151998.2007,50363.81477,5036.632004,142496.4955,208711.9856
501553.7588,5007.576429,2,150817.8897,50519.55589,5033.524031,142586.461,209314.5673
500088.363,5000.642227,1,150370.011,50273.14212,5021.819295,142150.7955,208712.0514
500066.0798,5090.431663,3,151211.0162,50129.86125,5031.929623,142305.8637,208710.5035
500613.4027,5149.072614,1,150302.4697,50106.72144,5007.433373,142235.82,208932.848
500179.8942,5009.833963,1,151392.0023,50846.47841,5049.429555,142495.5277,208692.6852
500076.8219,5034.650388,2,151282.9922,50233.8506,5002.346029,142326.1322,208718.4365
500803.6746,5136.980298,1,151639.1168,50278.74589,5004.414102,142572.5863,209011.6117
501280.3044,5070.835645,1,150872.4573,50510.61641,5012.190036,142549.2808,209191.9648
500598.7944,5113.768567,3,150668.3405,50325.761,5010.074577,142343.3478,208911.4
500921.8015,5298.5259,1,150482.6879,50087.60571,5018.374083,142361.799,209042.6441
500391.7581,5054.673357,2,150922.4102,50420.31001,5011.946605,142360.2197,208824.2094
500322.7186,5100.252936,1,150827.2309,50009.5081,5000.925657,142252.1272,208833.2532
502153.3429,5042.097294,1,151097.1527,50349.41421,5024.600942,142733.3216,209588.9171
500074.4334,5157.022472,1,150620.6721,50310.90498,5036.356859,142239.878,208676.3393
500601.3676,5096.834445,2,150319.7819,50275.02605,5005.268775,142259.6558,208918.2415
501628.6155,5071.754226,1,151380.1015,50134.70342,5075.117853,142658.0585,209377.3882
502067.4421,5005.55477,2,150089.12,50851.69122,5019.203272,142606.6023,209494.2647
500031.4392,5055.742305,1,150848.4286,50297.51473,5020.649891,142250.7549,208680.9225
500122.6703,5079.919201,1,151624.6785,50322.98209,5024.137176,142434.8775,208720.9303
500166.4522,5067.481949,1,150492.4513,50024.73185,5056.136101,142161.4507,208757.506
500966.9761,5076.041466,2,150047.7114,50791.95141,5039.290008,142384.3941,209013.5351
502074.0827,5074.791026,3,150919.3846,50989.64991,5053.637151,142822.3091,209472.6847
500182.8964,5205.749547,3,151374.8764,50309.57713,5001.039685,142414.8278,208728.6102
500007.0632,5057.520502,1,150660.3211,50445.19158,5025.033286,142239.0259,208651.288
500679.1428,5156.480277,2,150302.0455,50174.82502,5004.76721,142263.4522,208952.7518
500466.0365,5176.843937,1,151594.7031,50070.44312,5016.158386,142464.837,208880.9886
500772.8777,5038.851845,3,150407.0523,50009.35438,5056.205636,142256.8684,209023.0634
501594.4277,5135.387237,1,150599.375,50856.56726,5005.726992,142638.2968,209276.4577
500460.6388,5030.11037,1,151057.1222,50057.82414,5073.9261,142335.9243,208888.9423
500055.7249,5051.121568,2,151094.1915,50796.59331,5049.480241,142409.4223,208635.0102
501870.7919,5040.807537,1,150351.5135,50600.60696,5101.906227,142593.1252,209420.4701
501613.7113,5032.876241,1,150453.5343,50032.06917,5016.067861,142429.6518,209389.1422
500054.894,5313.774853,3,150285.5541,51067.83711,5052.80284,142354.9726,208553.1375
501492.6886,5036.736551,1,150271.1236,50113.23945,5045.679231,142391.8935,209321.0662
500087.0471,5156.464366,1,150299.0074,50017.91302,5130.987255,142138.2838,208695.4093
500487.6062,5025.442084,2,150432.5582,50583.89103,5016.880133,142309.2755,208846.4168
500998.3854,5045.709626,1,150301.7919,50830.62961,5030.110603,142441.3254,209031.6178
500712.8458,5054.685894,3,150106.4302,50286.831,5001.637664,142232.4861,208970.2284
502099.7218,5026.587823,1,150247.0257,50235.02107,5021.835987,142526.0385,209573.3666
501515.1911,5057.581824,3,151366.8743,50265.25057,5013.752585,142643.7301,209326.6354
500338.4838,5032.579632,2,150295.4014,50289.81659,5009.719215,142193.2001,208813.4724
500736.8439,5074.721168,3,150281.3276,50010.68365,5121.212013,142244.9577,208989.6962
500722.3814,5041.953244,1,150372.8332,50060.47407,5044.374609,142248.4033,208996.8714
501534.1142,5051.443883,1,151277.6768,50060.14782,5035.580744,142591.7927,209353.8864
501265.7078,5009.28449,2,150866.1748,50274.36245,5007.99282,142484.7045,209222.4545
501203.2009,5047.944152,1,151042.0444,50030.8821,5043.725854,142473.5595,209212.0826
500832.3556,5118.901653,3,150471.4156,50318.69356,5071.025212,142362.4783,208999.5266
500484.7328,5128.101636,1,150846.3567,50223.66095,5003.392776,142337.249,208874.2902
501993.7356,5155.589565,1,150374.0566,50116.89296,5016.544012,142531.3637,209521.8175
500132.9697,5019.408999,2,150700.1208,50223.21681,5053.681587,142225.8796,208731.6551
500225.3079,5101.966434,1,150369.5269,50282.30296,5001.177608,142196.0564,208756.5046
500229.3907,5132.647213,3,150043.4769,50195.34796,5052.365885,142130.6457,208751.2452
500676.922,5176.304016,2,150611.6763,50171.80914,5016.204198,142330.5831,208950.0237
500436.7386,5042.076179,1,150404.2948,50443.4437,5130.210693,142291.3528,208818.413
500173.0718,5137.570681,3,150015.579,50148.78175,5007.502779,142096.5012,208738.5131
500067.5282,5141.23037,2,151424.7482,50454.01204,5073.282438,142432.1602,208662.5047
500529.7602,5050.175704,1,150513.2674,50404.2468,5045.770106,142308.644,208876.2108
500019.2604,5019.102776,1,150262.8908,51281.16683,5120.630771,142340.6103,208551.6247
500059.9326,5200.386236,3,150277.3769,50132.25742,5031.770902,142140.3448,208680.0446
500570.613,5027.976017,1,150968.1847,50139.48147,5039.518595,142349.1548,208932.1463
500079.6414,5106.753291,2,150452.3718,51031.26246,5001.210973,142334.248,208611.8728
500209.0233,5067.318135,1,150850.5205,50644.87638,5006.922799,142355.7322,208719.204
500264.6568,5082.718325,1,152720.1692,50138.3454,5000.650095,142641.308,208818.1969
500331.2634,5093.128012,3,150975.5451,50515.49976,5041.960876,142391.4794,208777.093
500818.7776,5082.973242,2,151537.9319,50649.79062,5040.569828,142626.0086,208979.0338
500045.5718,5067.959775,3,150651.6003,50357.65185,5036.518332,142231.8604,208673.7357
500151.7851,5123.78155,3,150588.3172,50793.00841,5106.651669,142352.7088,208650.0909
501179.2972,5074.848654,2,150067.5185,50166.15701,5077.557599,142313.0758,209167.4385
500195.8453,5034.758171,2,150978.3728,50009.21697,5026.987984,142249.0362,208786.9442
501673.4521,5017.682087,1,151340.4611,50360.86878,5027.334004,142683.9596,209387.9739
500383.9713,5150.30803,1,150250.2002,50325.22505,5052.597381,142232.4604,208802.275
500932.1916,5152.100623,2,150236.5553,50233.33549,5047.445826,142320.3258,209047.911
501580.5407,5024.650478,1,151015.0942,50555.72898,5024.911087,142640.1851,209322.6362
501083.0512,5114.29703,1,151053.8021,50029.10436,5017.889368,142459.6288,209154.2449
501008.5547,5058.202657,1,151962.6257,50348.38591,5013.022113,142678.1582,209106.7928
500829.4748,5076.272478,2,150193.8261,50803.77993,5038.457117,142388.3621,208954.7191
501260.884,5065.332923,3,150917.8619,50237.47266,5088.272712,142513.9648,209202.5787
500632.4077,5181.244856,2,150972.5544,50313.48353,5035.387597,142427.0156,208914.9905
500655.9008,5113.37701,2,150194.7362,50097.45414,5029.677836,142218.2292,208953.2636
500071.6013,5023.878916,1,150037.2222,50515.14173,5012.952107,142132.1593,208672.692
500625.508,5139.930617,1,150885.2315,50249.93206,5018.382465,142383.7969,208927.7285
500439.5012,5061.725319,1,150778.9365,50419.47025,5027.915088,142345.5097,208839.523
500169.3608,5007.600539,2,151413.7145,50279.16346,5026.9378,142379.3554,208754.9033
500064.4744,5052.969275,3,151975.4666,50028.32496,5003.524939,142424.952,208740.3215
500576.5104,5180.198044,1,152591.0423,50585.05651,5027.073136,142791.9761,208880.3968
501422.7481,5058.275866,3,150926.2154,50132.68117,5121.940858,142532.3723,209279.2484
500414.8655,5034.233783,1,150463.2885,50167.56889,5077.708021,142231.5329,208849.8896
500607.8965,5157.745328,1,150186.6091,50124.69184,5004.764777,142216.3415,208926.4101
500234.1534,5013.82643,1,150234.137,50248.35708,5032.384427,142152.5717,208772.0627
500597.4001,5096.408717,1,150701.1727,50122.07832,5059.473524,142315.3067,208928.3144
500334.1764,5007.748052,1,150155.259,50475.95923,5012.887627,142197.2061,208793.3739
500538.2961,5026.859228,2,151072.5073,50028.50656,5076.423421,142348.5185,208925.7497
500390.4648,5019.358991,1,150103.2218,50131.28066,5042.544898,142137.3742,208848.1477
500399.688,5117.347386,2,150651.3569,50331.44063,5009.051078,142301.7768,208824.8264
500868.2927,5187.992439,1,150534.6291,50792.99166,5093.548259,142495.4908,208948.3693
500060.2302,5007.444592,1,152463.2421,50128.7752,5095.938561,142551.1261,208725.3539
500307.7782,5074.625357,3,150219.1503,50679.92807,5032.274209,142262.7512,208746.1046
500217.0171,5005.493411,1,150308.4828,50622.85869,5035.478993,142237.8662,208725.1399
500715.3813,5054.711912,1,150718.1857,50011.23295,5059.040641,142311.7105,208998.2161
500014.2731,5089.259734,1,150953.9394,50985.05191,5060.558596,142420.6165,208587.0264
500877.9826,5122.693322,1,150826.8804,50383.04014,5005.007704,142443.1208,209025.7345
501992.5154,5069.291862,2,150766.6566,50669.3029,5030.293041,142705.612,209476.1273
501229.5496,5028.600422,1,150496.6992,51265.14376,5055.047982,142615.0082,209083.7573
500623.1405,5245.530014,3,150555.4771,50144.58432,5031.886999,142320.1238,208915.4776
500513.8669,5066.967255,1,151059.2135,50652.23475,5018.329912,142462.1225,208849.3727
500064.28,5161.271587,1,151077.7448,50343.1301,5023.596593,142334.0046,208674.5257
500564.2476,5126.25841,2,150184.5513,50762.82816,5027.592907,142333.0957,208838.9539
500953.125,5137.961816,1,150513.0854,50485.82837,5031.335861,142424.2673,209036.716
500294.2241,5068.970781,1,150234.4078,50646.13135,5025.148739,142253.7766,208746.2457
501406.3175,5003.70368,1,150083.1056,50305.88455,5021.465111,142364.0953,209270.4529
501448.0843,5050.694318,3,151407.4638,50122.48329,5023.551915,142610.4555,209313.5806
500521.9416,5078.182287,1,150296.9847,50129.9414,5061.847536,142217.7795,208893.7139
500818.4287,5002.390304,1,151532.3677,50072.44392,5017.570712,142488.6403,209059.5271
500086.5898,5020.304539,1,150155.6772,50288.53606,5018.557294,142113.933,208704.8162
500522.723,5125.111358,2,151049.0092,50163.06651,5046.201351,142381.2223,208892.7962
500784.8983,5060.97829,1,150648.2804,50598.31574,5006.700858,142419.8347,208970.2385
500413.4349,5092.216532,3,151876.7958,50378.49431,5043.480296,142560.8844,208836.9569
500583.9282,5104.416088,1,150359.2921,50244.71972,5034.094574,142265.2901,208908.5033
501021.3833,5043.295983,1,152088.4428,51213.35824,5068.880875,142887.0722,209011.7702
500183.8345,5178.586649,2,152693.0337,50286.56391,5017.981484,142672,208748.2151
501237.4381,5020.298064,2,150457.3017,50659.6236,5040.001928,142482.9327,209156.9034
502949.0944,5061.223673,1,151244.6796,50165.65419,5054.257526,142894.9819,209943.8138
501246.0852,5150.399299,3,152073.3902,50127.48861,5132.54849,142745.9824,209199.3734
500742.4706,5169.505104,1,151320.0225,50021.80122,5031.132468,142456.9864,209000.6118
501006.2928,5004.739867,1,150576.8919,50325.91805,5043.020668,142391.3727,209097.6855
500586.8571,5090.938745,2,152190.4556,50395.51597,5070.139716,142666.7814,208908.7215
500513.1058,5019.049968,1,150259.5467,50165.99017,5035.472591,142198.633,208899.6276
500473.6321,5060.685059,1,150926.3811,50210.04725,5102.827178,142354.7145,208866.5863
500268.8887,5069.620636,3,151106.5259,50115.46727,5092.447805,142330.5901,208791.3749
501195.8831,5058.85784,1,150444.6027,50290.26172,5083.495225,142414.6201,209166.0919
500517.2885,5088.96308,2,151409.3474,50133.52513,5004.114199,142430.6477,208910.3927
500552.2999,5136.713781,1,150625.6309,50231.60315,5042.408711,142317.7313,208892.3336
500704.5065,5008.199556,1,150789.0567,50367.0869,5022.86402,142378.3427,208968.6189
500249.3086,5109.098043,1,151045.0885,50193.40426,5100.613522,142339.5026,208765.9075
500025.5743,5275.966004,2,151769.0759,50530.10495,5019.620798,142524.0684,208626.5808
500812.8621,5069.29096,1,150629.6288,50178.50774,5044.979994,142347.0539,209020.5859
501255.7561,5030.917212,2,150894.6073,50217.24811,5011.106689,142481.9271,209220.7035
500320.3473,5019.791078,1,150424.1659,50867.9819,5032.5709,142332.9714,208741.8157
500253.1652,5080.431576,1,150820.344,50314.76479,5044.767772,142302.6947,208765.7521
502151.8154,5089.683932,1,150719.1533,50806.11031,5013.426532,142756.0379,209528.3855
500649.373,5064.754181,2,151321.304,50179.17008,5037.209599,142450.3622,208959.5521
501627.5424,5057.059867,3,150048.0849,50331.31188,5038.162958,142420.4324,209350.7339
501803.1397,5006.066081,3,151584.1359,50950.59534,5035.420338,142875.8715,209381.7968
500000.528,5120.388444,1,150601.2067,50307.88557,5006.972314,142207.3962,208655.6405
500280.6364,5111.196703,2,151758.6205,51310.39655,5073.208862,142706.8118,208668.3025
500109.3948,5112.548905,1,150725.7666,50139.98431,5122.287599,142241.9964,208704.414
500562.168,5077.966053,3,150209.2219,50154.01714,5065.515437,142213.7777,208906.9004
501124.3534,5051.425476,1,150334.0772,50765.55375,5028.602872,142460.8025,209092.3816
501366.8787,5148.489797,1,150224.7654,50474.77707,5127.696057,142468.5214,209195.0839
500606.7003,5005.802273,2,150211.2837,50021.41169,5042.421544,142177.5239,208956.2648
500033.127,5079.829724,1,151794.5579,50088.47361,5068.965961,142412.9908,208703.0009
501964.7251,5103.524232,1,150035.2636,50053.51518,5027.682465,142436.9421,209519.946
501525.5252,5009.917586,3,150691.9081,50325.10059,5092.33185,142528.9567,209312.585
500544.114,5063.839193,1,150162.7929,50450.31037,5016.430924,142247.4975,208876.4962
501749.5839,5082.604717,1,151381.4541,50065.7363,5021.838212,142660.2434,209443.8433
501607.661,5015.175799,2,150184.7406,50159.92376,5041.757145,142401.8517,209368.607
500072.0369,5241.167668,1,150212.209,50565.10186,5075.819703,142233.267,208623.0464
501987.0611,5168.501428,3,150530.9709,50615.43726,5028.144043,142666.0229,209461.5301
502123.8957,5080.829829,1,150525.755,51094.90147,5041.986092,142773.4736,209479.7193
500710.96,5071.299843,3,150444.2633,50611.0639,5012.01627,142369.9207,208932.5779
500569.8329,5028.73289,2,150329.5087,50143.72376,5002.275612,142214.8148,208930.9426
500096.1208,5002.975614,3,150462.2753,50014.15919,5046.91419,142124.489,208740.3241
500950.4238,5015.039379,1,150576.9037,50379.56633,5017.087799,142387.8042,209070.3946
500067.1783,5069.054105,1,150715.76,50391.88283,5045.809596,142257.937,208678.1717
501091.9339,5103.058059,2,150890.2475,50255.39604,5032.891728,142474.7054,209130.7967
500459.9721,5156.15112,1,150677.7154,50650.87064,5001.600207,142389.2619,208810.6563
500586.6938,5020.115966,3,150474.9037,50232.30865,5014.164394,142265.6373,208929.2973
500048.5216,5048.712538,1,150830.9501,50325.32128,5029.619696,142256.625,208684.6827
500450.0129,5075.057917,1,151257.1492,50758.58685,5020.80972,142512.3233,208810.6367
502087.027,5122.89805,2,150584.6177,50267.40867,5031.865387,142618.7634,209550.0701
500643.5182,5055.623001,1,150927.8401,50664.09707,5022.794389,142462.7746,208903.4305
500197.3384,5064.521559,3,150151.2733,50260.56121,5027.780223,142140.2949,208746.567
500981.5087,5143.586215,2,150462.1035,50720.63664,5058.158188,142473.1986,209017.2717
501225.7657,5064.719594,1,151464.3749,50199.61156,5024.159323,142595.7262,209207.979
501217.9592,5083.333391,3,150513.1964,50274.1344,5055.24314,142428.7733,209178.615
500548.8838,5132.245796,2,150254.9558,50675.53718,5024.093303,142327.1432,208842.1952
501703.8716,5006.200401,1,150924.466,50623.44586,5047.572464,142661.1113,209366.4725
500392.1082,5096.864499,1,151463.5149,50048.53877,5035.102655,142407.2258,208860.3331
501206.509,5064.870989,3,150816.9357,50691.0795,5008.355904,142557.5502,209141.5545
500288.6936,5067.062021,1,150260.3218,50500.29116,5069.623265,142237.1984,208753.14
500476.2209,5030.372603,2,150874.3892,50329.05824,5067.293546,142355.4669,208864.8669
500080.5997,5100.40546,1,150833.0561,50174.90001,5004.773212,142238.7469,208710.6214
500026.5213,5070.830385,1,150881.8747,50594.45669,5017.57241,142318.2511,208644.5108
500075.4336,5131.491445,3,151601.9658,50806.13913,5081.998226,142539.4056,208629.2209
503078.8808,5024.903604,2,151119.5749,50822.48386,5028.827848,143014.9342,209936.0574
500895.1932,5064.693678,3,150635.1718,50029.81518,5034.911166,142331.957,209074.7495
500575.6378,5018.483612,3,150122.0098,50246.65895,5042.917889,142201.1416,208915.1183
500459.3609,5227.069286,2,150849.8444,50316.39093,5009.093313,142372.3518,208836.0405
500478.9798,5085.608383,2,150333.6621,50415.16791,5003.578312,142263.3993,208852.5997
500499.6851,5148.724616,1,150472.0023,50341.02603,5029.002662,142298.0881,208856.4387
502314.6586,5023.681861,1,151867.2652,50386.41261,5024.268177,142923.2573,209665.0104
500771.6987,5117.272902,2,152848.5426,50012.77704,5027.180008,142755.4943,209040.6972
500949.3989,5135.168461,1,152632.3821,50461.61662,5048.793663,142845.4719,209058.0273
501513.4497,5186.653662,1,150630.8117,50358.41116,5004.134034,142538.6921,209288.6167
501500.7598,5049.375658,1,150850.2217,50498.13341,5077.829095,142595.2639,209280.3724
500675.7081,5008.152267,2,150034.1524,50252.08992,5017.383824,142197.4973,208962.4958
500822.0602,5082.068232,3,151896.793,50579.29779,5048.168806,142685.6776,208990.99
500551.4763,5091.750282,2,150340.5892,50561.2724,5050.883073,142319.1943,208858.9162
500019.4196,5183.818368,2,150303.1798,50183.64366,5011.173299,142140.2469,208663.3645
501105.5259,5005.76188,1,151187.0303,51201.70779,5010.054952,142702.0162,209055.4426
500597.2282,5055.325122,1,150948.348,50085.91967,5058.77973,142349.1201,208941.604
500508.1402,5229.618095,1,150147.7803,50721.92741,5027.526842,142326.9986,208802.0717
500609.5122,5131.183623,2,150186.9713,50005.17631,5053.255683,142197.2198,208936.6803
500197.2923,5047.949297,3,150311.3087,50221.52201,5014.828777,142158.5802,208757.241
500530.2576,5095.514232,1,150792.8728,50031.33955,5049.286302,142299.8541,208912.291
501800.5112,5130.88204,3,151238.9464,50680.3293,5150.975608,142800.3289,209367.2948
501187.3861,5042.83071,1,152589.5636,50531.19676,5009.357213,142872.0669,209173.4681
501032.5239,5107.154315,1,150397.927,50849.97869,5009.53178,142479.4231,209038.3309
500191.0991,5039.333881,1,150046.4365,50184.33665,5001.437241,142092.5287,208759.7376
500708.1087,5030.911646,1,150956.7023,50096.02456,5006.677045,142359.6849,209000.673
500189.1204,5010.435594,1,150921.6501,50808.60629,5044.939202,142394.9503,208696.527
501013.896,5000.337551,2,150085.6872,51317.87387,5016.391059,142486.8371,208992.7244
500020.9016,5056.018104,1,150117.3274,50414.49751,5037.36468,142129.2219,208653.4779
500688.1503,5132.308979,2,152252.4358,50319.48087,5082.100758,142694.8953,208952.4352
501347.1263,5013.653533,1,150971.614,51006.69362,5018.266078,142671.4707,209175.5417
500081.8294,5249.299952,1,150098.8897,50194.2893,5000.303546,142124.9224,208678.0234
500995.8154,5025.538376,3,150651.1362,50462.71231,5044.767316,142435.9939,209075.1666
500440.0445,5124.778318,1,150130.7406,50126.28408,5081.620565,142180.6936,208846.5105
501976.4406,5068.631846,1,151564.2416,50203.51816,5005.294723,142763.6254,209532.7778
501477.894,5198.756891,1,150518.2702,50045.88039,5010.983594,142450.357,209303.6275
502056.2071,5083.920967,1,151103.2084,50182.47636,5052.24046,142695.6107,209554.3369
500293.0725,5034.644821,2,150714.3514,50125.24643,5034.001236,142240.2633,208811.9613
501193.6368,5042.719436,1,150919.1542,50484.7286,5032.311365,142534.5101,209159.4373
500718.8324,5066.86548,3,150745.0053,50087.78197,5004.903377,142324.6777,208998.4117
500515.0477,5093.782504,1,153852.7315,50688.83468,5025.751763,143035.2296,208872.6611
